bigiel=Frank Bigiel <bigiel@astro.berkeley.edu>
chinfei=Chin-Fei Lee <chinfei@astro.umd.edu>
colby=Colby Gutierrez-Kraybill <colby@astro.berkeley.edu>
davidm=David MacMahon <davidm@astro.berkeley.edu>
fluxcal=fluxcal
friedel=Douglas Friedel <friedel@astro.uiuc.edu>
gildas=gildas
jzhao=Jun-Hui Zhao <jzhao@cfa.harvard.edu>
karto=Garrett "Karto" Keating <gkeating@astro.berkeley.edu>
mellema=Garrelt Mellema (?) <G.Mellema@sussex.ac.uk>
mirth=Melvyn Wright <wright@astro.berkeley.edu>
mpound=Marc Pound <mpound@astro.umd.edu>
pkwill=Peter Williams <pwilliams@astro.berkeley.edu>
pound=Marc Pound <mpound@astro.umd.edu>
pteuben=Peter Teuben <teuben@astro.umd.edu>
romein=John Romein <romein@astron.nl>
schnee=Scott Schnee <sschnee@nrao.edu>
teuben=Peter Teuben <teuben@astro.umd.edu>
tplagge=Tom Plagge <tplagge@kicp.uchicago.edu>
tyu=Theodore Yu <tyu@astro.umd.edu>
wkwon=Woojin Kwon <wkwon@illinois.edu>
wright=Melvyn Wright <wright@astro.berkeley.edu>
